2014,1,The Fault in Our Stars (trade paperback),John Green
2013,1,Diary of a Wimpy Kid: Hard Luck,Jeff Kinney
2012,1,Fifty Shades of Grey,E.L. James
2011,1,The Litigators,John Grisham
2010,1,The Girl Who Kicked the Hornet's Nest,Stieg Larsson
2009,1,The Lost Symbol,Dan Brown
2008,1,The Appeal,John Grisham
2007,1,Harry Potter and the Deathly Hallows,J.K. Rowling
2006,1,For One More Day,Mitch Albom
2005,1,The Broker,John Grisham
2004,1,The Da Vinci Code,Dan Brown
2003,1,Harry Potter and the Order of the Phoenix,J.K. Rowling
2002,1,The Summons,John Grisham
2001,1,Desecration,Jerry B. Jenkins and Tim LaHaye
2000,1,The Brethren,John Grisham
1999,1,The Testament,John Grisham
1998,1,The Street Lawyer,John Grisham
1997,1,The Partner,John Grisham
1996,1,The Runaway Jury,John Grisham
1995,1,The Rainmaker,John Grisham
1994,1,The Chamber,John Grisham
1993,1,The Bridges of Madison County,Robert James Waller
1992,1,Dolores Claiborne,Stephen King
1991,1,Scarlett,Alexandra Ripley
1990,1,The Plains of Passage,Jean M. Auel
1989,1,Clear and Present Danger,Tom Clancy
1988,1,The Cardinal of the Kremlin,Tom Clancy
1987,1,The Tommyknockers,Stephen King
1986,1,It,Stephen King
1985,1,The Mammoth Hunters,Jean M. Auel
1984,1,The Talisman,Stephen King and Peter Straub
1983,1,Return of the Jedi,James Kahn
1982,1,"E.T., The Extraterrestrial ",William Kotzwinkle
1981,1,Noble House,James Clavell
1980,1,The Covenant,James A. Michener
1979,1,The Matarese Circle,Robert Ludlum
1978,1,Chesapeake,James A. Michener
1977,1,The Silmarillion,J. R. R. Tolkien and Christopher Tolkien
1976,1,Trinity,Leon Uris
1975,1,Ragtime,E. L. Doctorow
1974,1,Centennial,James A. Michener
1973,1,Jonathan Livingston Seagull,Richard Bach
1972,1,Jonathan Livingston Seagull,Richard Bach
1971,1,Wheels,Arthur Hailey
1970,1,Love Story,Erich Segal
1969,1,Portnoy's Complaint,Philip Roth
1968,1,Airport,Arthur Hailey
1967,1,The Arrangement,Elia Kazan
1966,1,Valley of the Dolls,Jacqueline Susann
1965,1,The Source,James A. Michener
1964,1,The Spy Who Came in from the Cold,John le Carré
1963,1,The Shoes of the Fisherman,Morris West
1962,1,Ship of Fools,Katherine Anne Porter
1961,1,The Agony and the Ecstasy,Irving Stone
1960,1,Advise and Consent,Allen Drury
1959,1,Exodus,Leon Uris
1958,1,Doctor Zhivago,Boris Pasternak
1957,1,By Love Possessed,James Gould Cozzens
1956,1,Don't Go Near the Water,William Brinkley
1955,1,Marjorie Morningstar,Herman Wouk
1954,1,Not as a Stranger,Morton Thompson
1953,1,The Robe,Lloyd C. Douglas
1952,1,The Silver Chalice,Thomas B. Costain
1951,1,From Here to Eternity,James Jones
1950,1,The Cardinal,Henry Morton Robinson
1949,1,The Egyptian,Mika Waltari
1948,1,The Big Fisherman,Lloyd C. Douglas
1947,1,The Miracle of the Bells,Russell Janney
1946,1,The King's General,Daphne du Maurier
1945,1,Forever Amber,Kathleen Winsor
1944,1,Strange Fruit,Lillian Smith
1943,1,The Robe,Lloyd C. Douglas
1942,1,The Song of Bernadette,Franz Werfel
1941,1,The Keys of the Kingdom,A. J. Cronin
1940,1,How Green Was My Valley,Richard Llewellyn
1939,1,The Grapes of Wrath,John Steinbeck
1938,1,The Yearling,Marjorie Kinnan Rawlings
1937,1,Gone with the Wind,Margaret Mitchell
1936,1,Gone with the Wind,Margaret Mitchell
1935,1,Green Light,Lloyd C. Douglas
1934,1,Anthony Adverse,Hervey Allen
1933,1,Anthony Adverse,Hervey Allen
1932,1,The Good Earth,Pearl S. Buck
1931,1,The Good Earth,Pearl S. Buck
1930,1,Cimarron,Edna Ferber
1929,1,All Quiet on the Western Front,Erich Maria Remarque
1928,1,The Bridge of San Luis Rey,Thornton Wilder
1927,1,Elmer Gantry,Sinclair Lewis
1926,1,The Private Life of Helen of Troy,John Erskine
1925,1,Soundings,A. Hamilton Gibbs
1924,1,So Big,Edna Ferber
1923,1,Black Oxen,Gertrude Atherton
1922,1,If Winter Comes,A. S. M. Hutchinson
1921,1,Main Street,Sinclair Lewis
1920,1,The Man of the Forest,Zane Grey
1919,1,The Four Horseman of the Apocalypse,Vicente Blasco Ibáñez
1918,1,The U.P. Trail,Zane Grey
1917,1,Mr. Britling Sees It Through,H. G. Wells
1916,1,Seventeen,Booth Tarkington
1915,1,The Turmoil,Booth Tarkington
1914,1,The Eyes of the World,Harold Bell Wright
1913,1,The Inside of the Cup,Winston Churchill
1912,1,The Harvester,Gene Stratton Porter
1911,1,The Broad Highway,Jeffrey Farnol
1910,1,The Rosary,Florence L. Barclay
1909,1,The Inner Shrine,Anonymous (Basil King)
1908,1,Mr. Crewe's Career,Winston Churchill
1907,1,The Lady of the Decoration,Frances Little
1906,1,Coniston,Winston Churchill
1905,1,The Marriage of William Ashe,Mary Augusta Ward
1904,1,The Crossing,Winston Churchill
1903,1,Lady Rose's Daughter,Mary Augusta Ward
1902,1,The Virginian,Owen Wister
1901,1,The Crisis,Winston Churchill
1900,1,To Have and to Hold,Mary Johnston
1899,1,David Harum,Edward Noyes Westcott
1898,1,Caleb West,Francis Hopkinson Smith
1897,1,Quo Vadis,Henryk Sienkiewicz
1896,1,Tom Grogan,Francis Hopkinson Smith
1895,1,Beside the Bonnie Brier Bush,Ian Maclaren
2014,2,Diary of a Wimpy Kid: The Long Haul,Jeff Kinney
2013,2,Inferno,Dan Brown
2012,2,The Hunger Games,Suzanne Collins
2011,2,23337,Stephen King
2010,2,The Confession,John Grisham
2009,2,The Associate,John Grisham
2008,2,The Story of Edgar Sawtelle,David Wroblewski
2007,2,A Thousand Splendid Suns,Khaled Hosseini
2006,2,Cross,James Patterson
2005,2,The Da Vinci Code,Dan Brown
2004,2,The Five People You Meet in Heaven,Mitch Albom
2003,2,The Da Vinci Code,Dan Brown
2002,2,Red Rabbit,Tom Clancy
2001,2,Skipping Christmas,John Grisham
2000,2,The Mark: The Beast Rules the World,Jerry B. Jenkins and Tim LaHaye
1999,2,Hannibal,Thomas Harris
1998,2,Rainbow Six,Tom Clancy
1997,2,Cold Mountain,Charles Frazier
1996,2,Executive Orders,Tom Clancy
1995,2,The Lost World,Michael Crichton
1994,2,Debt of Honor,Tom Clancy
1993,2,The Client,John Grisham
1992,2,The Pelican Brief,John Grisham
1991,2,The Sum of All Fears,Tom Clancy
1990,2,Four Past Midnight,Stephen King
1989,2,The Dark Half,Stephen King
1988,2,The Sands of Time,Sidney Sheldon
1987,2,Patriot Games,Tom Clancy
1986,2,Red Storm Rising,Tom Clancy and Larry Bond[citation needed]
1985,2,Texas,James A. Michener
1984,2,The Aquitaine Progression,Robert Ludlum
1983,2,Poland,James A. Michener
1982,2,Space,James A. Michener
1981,2,The Hotel New Hampshire,John Irving
1980,2,The Bourne Identity,Robert Ludlum
1979,2,Sophie's Choice,William Styron
1978,2,War and Remembrance,Herman Wouk
1977,2,The Thorn Birds,Colleen McCullough
1976,2,Sleeping Murder,Agatha Christie
1975,2,The Moneychangers,Arthur Hailey
1974,2,Watership Down,Richard Adams
1973,2,Once Is Not Enough,Jacqueline Susann
1972,2,5327,Aleksandr Solzhenitsyn
1971,2,The Exorcist,William P. Blatty
1970,2,The French Lieutenant's Woman,John Fowles
1969,2,The Godfather,Mario Puzo
1968,2,Couples,John Updike
1967,2,The Confessions of Nat Turner,William Styron
1966,2,The Adventurers,Harold Robbins
1965,2,Up the Down Staircase,Bel Kaufman
1964,2,Candy,Terry Southern and Mason Hoffenberg
1963,2,The Group,Mary McCarthy
1962,2,Dearly Beloved,Anne Morrow Lindbergh
1961,2,Franny and Zooey,J.D. Salinger
1960,2,Hawaii,James A. Michener
1959,2,Doctor Zhivago,Boris Pasternak
1958,2,Anatomy of a Murder,Robert Traver
1957,2,Peyton Place,Grace Metalious
1956,2,The Last Hurrah,Edwin O'Connor
1955,2,Auntie Mame,Patrick Dennis
1954,2,Mary Anne,Daphne du Maurier
1953,2,The Silver Chalice,Thomas B. Costain
1952,2,The Caine Mutiny,Herman Wouk
1951,2,The Caine Mutiny,Herman Wouk
1950,2,Joy Street,Frances Parkinson Keyes
1949,2,The Big Fisherman,Lloyd C. Douglas
1948,2,The Naked and the Dead,Norman Mailer
1947,2,The Moneyman,Thomas B. Costain
1946,2,This Side of Innocence,Taylor Caldwell
1945,2,The Robe,Lloyd C. Douglas
1944,2,The Robe,Lloyd C. Douglas
1943,2,The Valley of Decision,Marcia Davenport
1942,2,The Moon Is Down,John Steinbeck
1941,2,Random Harvest,James Hilton
1940,2,Kitty Foyle,Christopher Morley
1939,2,"All This, and Heaven Too ",Rachel Field
1938,2,The Citadel,A. J. Cronin
1937,2,Northwest Passage,Kenneth Roberts
1936,2,The Last Puritan,George Santayana
1935,2,Vein of Iron,Ellen Glasgow
1934,2,Lamb in His Bosom,Caroline Miller
1933,2,As the Earth Turns,Gladys Hasty Carroll
1932,2,The Fountain,Charles Langbridge Morgan
1931,2,Shadows on the Rock,Willa Cather
1930,2,Exile,Warwick Deeping
1929,2,Dodsworth,Sinclair Lewis
1928,2,Wintersmoon,Hugh Walpole
1927,2,The Plutocrat,Booth Tarkington
1926,2,Gentlemen Prefer Blondes,Anita Loos
1925,2,The Constant Nymph,Margaret Kennedy
1924,2,The Plastic Age,Percy Marks
1923,2,His Children's Children,Arthur Train
1922,2,The Sheik,Edith M. Hull
1921,2,The Brimming Cup,Dorothy Canfield
1920,2,Kindred of the Dust,Peter B. Kyne
1919,2,The Arrow of Gold,Joseph Conrad
1918,2,The Tree of Heaven,May Sinclair
1917,2,The Light in the Clearing,Irving Bacheller
1916,2,When a Man's a Man,Harold Bell Wright
1915,2,A Far Country,Winston Churchill
1914,2,Pollyanna,Eleanor H. Porter
1913,2,V.V.'s Eyes,Henry Sydnor Harrison
1912,2,The Street Called Straight,Basil King
1911,2,The Prodigal Judge,Vaughan Kester
1910,2,A Modern Chronicle,Winston Churchill
1909,2,Katrine,Elinor Macartney Lane
1908,2,The Barrier,Rex Beach
1907,2,The Weavers,Gilbert Parker
1906,2,Lady Baltimore,Owen Wister
1905,2,Sandy,Alice Hegan Rice
1904,2,The Deliverance,Ellen Glasgow
1903,2,Gordon Keith,Thomas Nelson Page
1902,2,Mrs. Wiggs of the Cabbage Patch,Alice Caldwell Hegan (Alice Hegan Rice)
1901,2,Alice of Old Vincennes,Maurice Thompson
1900,2,Red Pottage,Mary Cholmondeley
1899,2,When Knighthood Was in Flower,Charles Major
1898,2,Hugh Wynne,Silas Weir Mitchell
1897,2,The Choir Invisible,James Lane Allen
1896,2,A Lady of Quality,Frances Hodgson Burnett
1895,2,Trilby,George du Maurier
2014,3,Divergent,Veronica Roth
2013,3,Killing Jesus,Bill O’Reilly and Martin Dugard
2012,3,Fifty Shades Darker,E.L. James
2011,3,The Best of Me,Nicholas Sparks
2010,3,The Help,Kathryn Stockett
2009,3,The Help,Kathryn Stockett
2008,3,The Host,Stephenie Meyer
2007,3,Playing For Pizza,John Grisham
2006,3,Dear John,Nicholas Sparks
2005,3,"Mary, Mary ",James Patterson
2004,3,The Last Juror,John Grisham
2003,3,The Five People You Meet in Heaven,Mitch Albom
2002,3,The Remnant,Jerry B. Jenkins and Tim LaHaye
2001,3,A Painted House,John Grisham
2000,3,The Bear and the Dragon,Tom Clancy
1999,3,Assassins,Jerry B. Jenkins and Tim LaHaye
1998,3,Bag of Bones,Stephen King
1997,3,The Ghost,Danielle Steel
1996,3,Desperation,Stephen King
1995,3,Five Days in Paris,Danielle Steel
1994,3,The Celestine Prophecy,James Redfield
1993,3,Slow Waltz in Cedar Bend,Robert James Waller
1992,3,Gerald's Game,Stephen King
1991,3,Needful Things,Stephen King
1990,3,The Burden of Proof,Scott Turow
1989,3,Daddy,Danielle Steel
1988,3,Zoya,Danielle Steel
1987,3,Kaleidoscope,Danielle Steel
1986,3,Whirlwind,James Clavell
1985,3,Lake Wobegon Days,Garrison Keillor
1984,3,The Sicilian,Mario Puzo
1983,3,Pet Sematary,Stephen King
1982,3,The Parsifal Mosaic,Robert Ludlum
1981,3,Cujo,Stephen King
1980,3,Rage of Angels,Sidney Sheldon
1979,3,Overload,Arthur Hailey
1978,3,Fools Die,Mario Puzo
1977,3,Illusions: The Adventures of a Reluctant Messiah,Richard Bach
1976,3,Dolores,Jacqueline Susann
1975,3,Curtain,Agatha Christie
1974,3,Jaws,Peter Benchley
1973,3,Breakfast of Champions,Kurt Vonnegut
1972,3,The Odessa File,Frederick Forsyth
1971,3,The Passions of the Mind,Irving Stone
1970,3,Islands in the Stream,Ernest Hemingway
1969,3,The Love Machine,Jacqueline Susann
1968,3,The Salzburg Connection,Helen MacInnes
1967,3,The Chosen,Chaim Potok
1966,3,The Secret of Santa Vittoria,Robert Crichton
1965,3,Herzog,Saul Bellow
1964,3,Herzog,Saul Bellow
1963,3,"Raise High the Roof Beam, Carpenters, and Seymour-An Introduction ",J.D. Salinger
1962,3,A Shade of Difference,Allen Drury
1961,3,Mila 18,Leon Uris
1960,3,The Leopard,Giuseppe Tomasi di Lampedusa
1959,3,Hawaii,James A. Michener
1958,3,Lolita,Vladimir Nabokov
1957,3,Compulsion,Meyer Levin
1956,3,Peyton Place,Grace Metalious
1955,3,Andersonville,MacKinlay Kantor
1954,3,Love Is Eternal,Irving Stone
1953,3,Desirée,Annemarie Selinko
1952,3,East of Eden,John Steinbeck
1951,3,Moses,Sholem Asch
1950,3,Across the River and into the Trees,Ernest Hemingway
1949,3,Mary,Sholem Asch
1948,3,Dinner at Antoine's,Frances Parkinson Keyes
1947,3,Gentleman's Agreement,Laura Z. Hobson
1946,3,The River Road,Frances Parkinson Keyes
1945,3,The Black Rose,Thomas B. Costain
1944,3,A Tree Grows in Brooklyn,Betty Smith
1943,3,So Little Time,John P. Marquand
1942,3,Dragon Seed,Pearl S. Buck
1941,3,This Above All,Eric Knight
1940,3,Mrs. Miniver,Jan Struther
1939,3,Rebecca,Daphne du Maurier
1938,3,"My Son, My Son! ",Howard Spring
1937,3,The Citadel,A. J. Cronin
1936,3,Sparkenbroke,Charles Langbridge Morgan
1935,3,Of Time and the River,Thomas Wolfe
1934,3,So Red the Rose,Stark Young
1933,3,Ann Vickers,Sinclair Lewis
1932,3,Sons,Pearl S. Buck
1931,3,A White Bird Flying,Bess Streeter Aldrich
1930,3,The Woman of Andros,Thornton Wilder
1929,3,Dark Hester,Anne Douglas Sedgwick
1928,3,Swan Song,John Galsworthy
1927,3,Doomsday,Warwick Deeping
1926,3,Sorrell and Son,Warwick Deeping
1925,3,The Keeper of the Bees,Gene Stratton-Porter
1924,3,The Little French Girl,Anne Douglas Sedgwick
1923,3,The Enchanted April,Elizabeth von Arnim
1922,3,Gentle Julia,Booth Tarkington
1921,3,The Mysterious Rider,Zane Grey
1920,3,The Re-Creation of Brian Kent,Harold Bell Wright
1919,3,The Desert of Wheat,Zane Grey
1918,3,The Amazing Interlude,Mary Roberts Rinehart
1917,3,The Red Planet,William J. Locke
1916,3,Just David,Eleanor H. Porter
1915,3,Michael O'Halloran,Gene Stratton Porter
1914,3,The Inside of the Cup,Winston Churchill
1913,3,Laddie,Gene Stratton Porter
1912,3,Their Yesterdays,Harold Bell Wright
1911,3,The Winning of Barbara Worth,Harold Bell Wright
1910,3,The Wild Olive,Anonymous (Basil King)
1909,3,The Silver Horde,Rex Beach
1908,3,The Trail of the Lonesome Pine ,John Fox Jr.
1907,3,The Port of Missing Men,Meredith Nicholson
1906,3,The Fighting Chance,Robert W. Chambers
1905,3,The Garden of Allah,Robert Hichens
1904,3,The Masquerader,Katherine Cecil Thurston
1903,3,The Pit,Frank Norris
1902,3,Dorothy Vernon of Haddon Hall,Charles Major
1901,3,The Helmet of Navarre,Bertha Runkle
1900,3,Unleavened Bread,Robert Grant
1899,3,Richard Carvel,Winston Churchill
1898,3,Penelope's Progress,Kate Douglas Wiggin
1897,3,Soldiers of Fortune,Richard Harding Davis
1896,3,The Seats of the Mighty,Gilbert Parker
1895,3,The Adventures of Captain Horn,Frank R. Stockton
2014,4,Insurgent,Veronica Roth
2013,4,Proof of Heaven,Eben Alexander
2012,4,Fifty Shades Freed,E.L. James
2011,4,Smokin' Seventeen,Janet Evanovich
2010,4,Safe Haven,Nicholas Sparks
2009,4,"I, Alex Cross ",James Patterson
2008,4,Cross Country,James Patterson
2007,4,The Choice,Nicholas Sparks
2006,4,Next,Michael Crichton
2005,4,At First Sight,Nicholas Sparks
2004,4,Glorious Appearing,Jerry B. Jenkins and Tim LaHaye
2003,4,The King of Torts,John Grisham
2002,4,The Lovely Bones,Alice Sebold
2001,4,Dreamcatcher,Stephen King
2000,4,The Indwelling: The Beast Takes Possession,Jerry B. Jenkins and Tim LaHaye
1999,4,"Star Wars: Episode 1, The Phantom Menace ",Terry Brooks
1998,4,A Man in Full,Tom Wolfe
1997,4,The Ranch,Danielle Steel
1996,4,Airframe,Michael Crichton
1995,4,The Christmas Box,Richard Paul Evans
1994,4,The Gift,Danielle Steel
1993,4,Without Remorse,Tom Clancy
1992,4,Mixed Blessings,Danielle Steel
1991,4,No Greater Love,Danielle Steel
1990,4,Memories of Midnight,Sidney Sheldon
1989,4,Star,Danielle Steel
1988,4,The Icarus Agenda,Robert Ludlum
1987,4,Misery,Stephen King
1986,4,The Bourne Supremacy,Robert Ludlum
1985,4,If Tomorrow Comes,Sidney Sheldon
1984,4,Love and War,John Jakes
1983,4,The Little Drummer Girl,John le Carré
1982,4,Master of the Game,Sidney Sheldon
1981,4,An Indecent Obsession,Colleen McCullough
1980,4,Princess Daisy,Judith Krantz
1979,4,Memories of Another Day,Harold Robbins
1978,4,Bloodline,Sidney Sheldon
1977,4,The Honourable Schoolboy,John le Carré
1976,4,Storm Warning,Jack Higgins
1975,4,Looking for Mr. Goodbar,Judith Rossner
1974,4,"Tinker, Tailor, Soldier, Spy ",John le Carré
1973,4,The Odessa File,Frederick Forsyth
1972,4,The Day of the Jackal,Frederick Forsyth
1971,4,The Day of the Jackal,Frederick Forsyth
1970,4,The Crystal Cave,Mary Stewart
1969,4,The Inheritors,Harold Robbins
1968,4,A Small Town in Germany,John le Carré
1967,4,Topaz,Leon Uris
1966,4,Capable of Honor,Allen Drury
1965,4,The Looking Glass War,John le Carré
1964,4,Armageddon,Leon Uris
1963,4,Caravans,James A. Michener
1962,4,Youngblood Hawke,Herman Wouk
1961,4,The Carpetbaggers,Harold Robbins
1960,4,The Chapman Report,Irving Wallace
1959,4,Advise and Consent,Allen Drury
1958,4,Around the World with Auntie Mame,Patrick Dennis
1957,4,"Rally 'Round the Flag, Boys! ",Max Shulman
1956,4,Auntie Mame,Patrick Dennis
1955,4,Bonjour Tristesse,Françoise Sagan
1954,4,The Royal Box,Frances Parkinson Keyes
1953,4,Battle Cry,Leon M. Uris
1952,4,My Cousin Rachel,Daphne du Maurier
1951,4,The Cardinal,Henry Morton Robinson
1950,4,The Wall,John Hersey
1949,4,A Rage to Live,John O'Hara
1948,4,The Bishop's Mantle,Agnes Sligh Turnbull
1947,4,Lydia Bailey,Kenneth Roberts
1946,4,The Miracle of the Bells,Russell Janney
1945,4,The White Tower,James Ramsey Ullman
1944,4,Forever Amber,Kathleen Winsor
1943,4,A Tree Grows in Brooklyn,Betty Smith
1942,4,And Now Tomorrow,Rachel Field
1941,4,The Sun Is My Undoing,Marguerite Steen
1940,4,For Whom the Bell Tolls,Ernest Hemingway
1939,4,Wickford Point,John P. Marquand
1938,4,Rebecca,Daphne du Maurier
1937,4,And So—Victoria,Vaughan Wilkins
1936,4,Drums Along the Mohawk,Walter D. Edmonds
1935,4,Time Out of Mind,Rachel Field
1934,4,Goodbye Mr. Chips, James Hilton 
1933,4,Magnificent Obsession,Lloyd C. Douglas
1932,4,Magnolia Street,Louis Golding
1931,4,Grand Hotel,Vicki Baum
1930,4,Years of Grace,Margaret Ayer Barnes
1929,4,The Bishop Murder Case,S. S. Van Dine
1928,4,The Greene Murder Case,S. S. Van Dine
1927,4,Sorrell and Son,Warwick Deeping
1926,4,The Hounds of Spring,Sylvia Thompson
1925,4,Glorious Apollo,E. Barrington
1924,4,The Heirs Apparent,Philip Gibbs
1923,4,Babbitt,Sinclair Lewis
1922,4,The Head of the House of Coombe,Frances Hodgson Burnett
1921,4,The Age of Innocence,Edith Wharton
1920,4,The River's End,James Oliver Curwood
1919,4,Dangerous Days,Mary Roberts Rinehart
1918,4,Dere Mable,Edward Streeter
1917,4,The Road to Understanding,Eleanor H. Porter
1916,4,Mr. Britling Sees It Through,H. G. Wells
1915,4,Pollyanna Grows Up,Eleanor H. Porter
1914,4,The Salamander,Owen Johnson
1913,4,The Judgment House,Gilbert Parker
1912,4,The Melting of Molly,Maria Thompson Davies
1911,4,Queed,Henry Sydnor Harrison
1910,4,Max,Katherine Cecil Thurston
1909,4,The Man in Lower Ten,Mary Roberts Rinehart
1908,4,The Lure of the Mask,Harold MacGrath
1907,4,The Shuttle,Frances Hodgson Burnett
1906,4,The House of a Thousand Candles,Meredith Nicholson
1905,4,The Clansman,Thomas Dixon Jr
1904,4,In the Bishop's Carriage,Miriam Michelson
1903,4,Lovey Mary,Alice Hegan Rice
1902,4,The Mississippi Bubble,Emerson Hough
1901,4,The Right of Way,Gilbert Parker
1900,4,The Reign of Law,James Lane Allen
1899,4,The Day's Work,Rudyard Kipling
1898,4,Helbeck of Bannisdale,Mary Augusta Ward
1897,4,On the Face of the Waters,Flora Annie Steel
1896,4,A Singular Life,Elizabeth Stuart Phelps Ward
1895,4,The Manxman,Hall Caine
2014,5,Killing Patton,Bill O'Reilly and Martin Dugard
2013,5,The House of Hades,Rick Riordan
2012,5,Catching Fire,Suzanne Collins
2011,5,A Dance with Dragons,George R.R. Martin
2010,5,Dead or Alive,Tom Clancy
2009,5,The Last Song,Nicholas Sparks
2008,5,The Lucky One,Nicholas Sparks
2007,5,Lean Mean Thirteen,Janet Evanovich
2006,5,Hannibal Rising,Thomas Harris
2005,5,Predator,Patricia Cornwell
2004,5,Angels & Demons,Dan Brown
2003,5,Bleachers,John Grisham
2002,5,Prey,Michael Crichton
2001,5,The Corrections,Jonathan Franzen
2000,5,The Last Precinct,Patricia Cornwell
1999,5,Timeline,Michael Crichton
1998,5,Mirror Image,Danielle Steel
1997,5,Special Delivery,Danielle Steel
1996,5,The Regulators,Richard Bachman (Stephen King)
1995,5,Lightning,Danielle Steel
1994,5,Insomnia,Stephen King
1993,5,Nightmares & Dreamscapes,Stephen King
1992,5,Jewels,Danielle Steel
1991,5,Heartbeat,Danielle Steel
1990,5,Message from Nam,Danielle Steel
1989,5,Caribbean,James A. Michener
1988,5,Alaska,James A. Michener
1987,5,Leaving Home,Garrison Keillor
1986,5,Hollywood Husbands,Jackie Collins
1985,5,Skeleton Crew,Stephen King
1984,5,The Butter Battle Book,Dr. Seuss
1983,5,Christine,Stephen King
1982,5,Mistral's Daughter,Judith Krantz
1981,5,Gorky Park,Martin Cruz Smith
1980,5,Firestarter,Stephen King
1979,5,Jailbird,Kurt Vonnegut
1978,5,Scruples,Judith Krantz
1977,5,Oliver's Story,Erich Segal
1976,5,The Deep,Peter Benchley
1975,5,The Choirboys,Joseph Wambaugh
1974,5,Something Happened,Joseph Heller
1973,5,Burr,Gore Vidal
1972,5,The Word,Irving Wallace
1971,5,The Betsy,Harold Robbins
1970,5,Great Lion of God,Taylor Caldwell
1969,5,The Andromeda Strain,Michael Crichton
1968,5,Testimony of Two Men,Taylor Caldwell
1967,5,Christy,Catherine Marshall
1966,5,The Double Image,Helen MacInnes
1965,5,The Green Berets,Robin Moore
1964,5,The Man,Irving Wallace
1963,5,Elizabeth Appleton,John O'Hara
1962,5,Franny and Zooey,J.D. Salinger
1961,5,Tropic of Cancer,Henry Miller
1960,5,Ourselves to Know,John O'Hara
1959,5,Lady Chatterley's Lover,D. H. Lawrence
1958,5,From the Terrace,John O'Hara
1957,5,Blue Camellia,Frances Parkinson Keyes
1956,5,Eloise,Kay Thompson
1955,5,The Man in the Gray Flannel Suit,Sloan Wilson
1954,5,The Egyptian,Mika Waltari
1953,5,From Here to Eternity,James Jones
1952,5,Steamboat Gothic,Frances Parkinson Keyes
1951,5,A Woman Called Fancy,Frank Yer
1950,5,Star Money,Kathleen Winsor
1949,5,Point of No Return,John P. Marquand
1948,5,Tomorrow Will Be Better,Betty Smith
1947,5,The Vixens,Frank Yer
1946,5,The Hucksters ,Frederic Wakeman Sr
1945,5,Cass Timberlane,Sinclair Lewis
1944,5,The Razor's Edge,W. Somerset Maugham
1943,5,The Human Comedy,William Saroyan
1942,5,Drivin' Woman,Elizabeth Pickett
1941,5,For Whom the Bell Tolls,Ernest Hemingway
1940,5,The Nazarene,Sholem Asch
1939,5,Escape,Ethel Vance
1938,5,Northwest Passage (novel),Kenneth Roberts
1937,5,Drums Along the Mohawk,Walter D. Edmonds
1936,5,It Can't Happen Here,Sinclair Lewis
1935,5,Goodbye Mr. Chips, James Hilton 
1934,5,Within This Present,Margaret Ayer Barnes
1933,5,One More River,John Galsworthy
1932,5,The Sheltered Life,Ellen Glasgow
1931,5,Years of Grace,Margaret Ayer Barnes
1930,5,Angel Pavement,J. B. Priestley
1929,5,Roper's Row,Warwick Deeping
1928,5,Bad Girl,Viña Delmar
1927,5,Jalna,Mazo de la Roche
1926,5,Beau Sabreur,P. C. Wren
1925,5,The Green Hat,Michael Arlen
1924,5,A Gentleman of Courage,James Oliver Curwood
1923,5,The Dim Lantern,Temple Bailey
1922,5,Simon Called Peter,Robert Keable
1921,5,The Valley of Silent Men,James Oliver Curwood
1920,5,A Man for the Ages,Irving Bacheller
1919,5,The Sky Pilot in No Man's Land,Ralph Connor
1918,5,"Oh, Money! Money! ",Eleanor H. Porter
1917,5,Wildfire,Zane Grey
1916,5,Life and Gabriella,Ellen Glasgow
1915,5,K,Mary Roberts Rinehart
1914,5,The Fortunate Youth,William J. Locke
1913,5,Heart of the Hills ,John Fox Jr
1912,5,A Hoosier Chronicle,Meredith Nicholson
1911,5,The Harvester,Gene Stratton Porter
1910,5,The Kingdom of Slender Swords,Hallie Erminie Rives
1909,5,The Trail of the Lonesome Pine ,John Fox Jr
1908,5,The Shuttle,Frances Hodgson Burnett
1907,5,The Brass Bowl,Louis Joseph Vance
1906,5,Jane Cable,George Barr McCutcheon
1905,5,Nedra,George Barr McCutcheon
1904,5,Sir Mortimer,Mary Johnston
1903,5,The Virginian,Owen Wister
1902,5,Audrey,Mary Johnston
1901,5,Eben Holden,Irving Bacheller
1900,5,Eben Holden,Irving Bacheller
1899,5,Red Rock,Thomas Nelson Page
1898,5,Quo Vadis,Henryk Sienkiewicz
1897,5,Phroso,Anthony Hope
1896,5,The Damnation of Theron Ware,Harold Frederic
1895,5,The Princess Aline,Richard Harding Davis
2014,6,Allegiant,Veronica Roth
2013,6,Divergent,Veronica Roth
2012,6,Mockingjay,Suzanne Collins
2011,6,Explosive Eighteen,Janet Evanovich
2010,6,Sizzling Sixteen,Janet Evanovich
2009,6,Ford County,John Grisham
2008,6,Fearless Fourteen,Janet Evanovich
2007,6,Plum Lovin',Janet Evanovich
2006,6,Lisey's Story,Stephen King
2005,6,True Believer,Nicholas Sparks
2004,6,State of Fear,Michael Crichton
2003,6,Armageddon,Tim LaHaye and Jerry B. Jenkins
2002,6,Skipping Christmas,John Grisham
2001,6,Black House,Stephen King and Peter Straub
2000,6,Journey (book),Danielle Steel
1999,6,Hearts in Atlantis,Stephen King
1998,6,The Long Road Home,Danielle Steel
1997,6,Unnatural Exposure,Patricia Cornwell
1996,6,Malice,Danielle Steel
1995,6,The Celestine Prophecy,James Redfield
1994,6,Politically Correct Bedtime Stories,James Finn Garner
1993,6,Vanished,Danielle Steel
1992,6,The Stars Shine Down,Sidney Sheldon
1991,6,The Doomsday Conspiracy,Sidney Sheldon
1990,6,The Bourne Ultimatum,Robert Ludlum
1989,6,The Satanic Verses,Salman Rushdie
1988,6,Till We Meet Again,Judith Krantz
1987,6,Windmills of the Gods,Sidney Sheldon
1986,6,Wanderlust,Danielle Steel
1985,6,Secrets,Danielle Steel
1984,6,"...And Ladies of the Club",Helen Hooven Santmyer,
1983,6,Changes,Jim Butcher
1982,6,The Valley of Horses,Jean M. Auel
1981,6,Masquerade,Kit Williams
1980,6,The Key to Rebecca,Ken Follett
1979,6,The Dead Zone,Stephen King
1978,6,Evergreen,Belva Plain
1977,6,Dreams Die First,Harold Robbins
1976,6,1876,Gore Vidal
1975,6,The Eagle Has Landed,Jack Higgins
1974,6,The Dogs of War,Frederick Forsyth
1973,6,The Hollow Hills,Mary Stewart
1972,6,The Winds of War,Herman Wouk
1971,6,Message from Malaga,Helen MacInnes
1970,6,QB VII,Leon Uris
1969,6,The Seven Minutes,Irving Wallace
1968,6,Preserve and Protect,Allen Drury
1967,6,The Eighth Day,Thornton Wilder
1966,6,The Fixer,Bernard Malamud
1965,6,Those Who Love,Irving Stone
1964,6,The Rector of Justin,Louis Auchincloss
1963,6,Grandmother and the Priests,Taylor Caldwell
1962,6,Fail-Safe,Eugene Burdick and Harvey Wheeler
1961,6,Winnie Ille Pu,Alexander Lenard (translation of Winnie the Pooh 
1960,6,The Constant Image,Marcia Davenport
1959,6,The Ugly American,Eugene L. Burdick
1958,6,Eloise at Christmastime,Kay Thompson
1957,6,Eloise in Paris,Kay Thompson
1956,6,Andersonville,MacKinlay Kantor
1955,6,Something of Value,Robert Ruark
1954,6,No Time for Sergeants,Mac Hyman
1953,6,The High and the Mighty,Ernest K. Gann
1952,6,Giant,Edna Ferber
1951,6,The Cruel Sea,Nicholas Monsarrat
1950,6,The Parasites,Daphne du Maurier
1949,6,Dinner at Antoine's,Frances Parkinson Keyes
1948,6,The Golden Hawk,Frank Yer
1947,6,The Wayward Bus,John Steinbeck
1946,6,The Foxes of Harrow,Frank Yer
1945,6,A Lion Is in the Streets,Adria Locke Langley
1944,6,The Green Years,A. J. Cronin
1943,6,Mrs. Parkington,Louis Bromfield
1942,6,Windswept,Mary Ellen Chase
1941,6,Oliver Wiswell,Kenneth Roberts
1940,6,Stars on the Sea,F. van Wyck Mason
1939,6,Disputed Passage,Lloyd C. Douglas
1938,6,"All This, and Heaven Too ",Rachel Field
1937,6,The Years,Virginia Woolf
1936,6,White Banners,Lloyd C. Douglas
1935,6,The Forty Days of Musa Dagh,Franz Werfel
1934,6,Work of Art,Sinclair Lewis
1933,6,Forgive Us Our Trespassers,Lloyd C. Douglas
1932,6,Old Wine and New,Warwick Deeping
1931,6,The Road Back,Erich Maria Remarque
1930,6,The Door,Mary Roberts Rinehart
1929,6,Peder Victorious,O. E. Rolvaag
1928,6,Claire Ambler,Booth Tarkington
1927,6,Lost Ecstasy,Mary Roberts Rinehart
1926,6,The Silver Spoons,John Galsworthy
1925,6,The Little French Girl,Anne Douglas Sedgwick
1924,6,The Call of the Canyon,Zane Grey
1923,6,This Freedom,A. S. M. Hutchinson
1922,6,The Breaking Point,Mary Roberts Rinehart
1921,6,The Sheik,Edith M. Hull
1920,6,Mary-Marie,Eleanor H. Porter
1919,6,The Re-Creation of Brian Kent,Harold Bell Wright
1918,6,Greatheart,Ethel M. Dell
1917,6,Christine,Alice Cholmondeley
1916,6,The Real Adventure,Henry Kitchell Webster
1915,6,Jaffery,William J. Locke
1914,6,T. Tembarom,Frances Hodgson Burnett
1913,6,The Amateur Gentleman,Jeffrey Farnol
1912,6,The Winning of Barbara Worth,Harold Bell Wright
1911,6,The Iron Woman,Margaret Deland
1910,6,Simon the Jester,William J. Locke
1909,6,Truxton King,George Barr McCutcheon
1908,6,Peter,F. Hopkinson Smith
1907,6,Satan Sanderson,Hallie Erminie Rives
1906,6,The Jungle,Upton Sinclair
1905,6,The Gambler,Katherine Cecil Thurston
1904,6,Beverly of Graustark,George Barr McCutcheon
1903,6,Mrs. Wiggs of the Cabbage Patch,Alice Hegan Rice
1902,6,The Right of Way,Gilbert Parker
1901,6,The Visits of Elizabeth,Elinor Glyn
1900,6,Janice Meredith,Paul Leicester Ford
1899,6,Aylwin,Theodore Watts-Dunton
1898,6,The Pride of Jennico,Agnes and Egerton Castle
1897,6,The Christian,Hall Caine
1896,6,A House-Boat on the Styx,John Kendrick Bangs
1895,6,The Days of Auld Lang Syne,Ian Maclaren
2014,7,Gone Girl,Gillian Flynn
2013,7,Jesus Calling,Sarah Young
2012,7,Diary of a Wimpy Kid: The Third Wheel,Jeff Kinney
2011,7,Kill Alex Cross,James Patterson
2010,7,Cross Fire,James Patterson
2009,7,Finger Lickin' Fifteen,Janet Evanovich
2008,7,Christmas Sweater,Glenn Beck
2007,7,Book of the Dead,Patricia Cornwell
2006,7,Twelve Sharp,Janet Evanovich
2005,7,Light from Heaven,Jan Karon
2004,7,London Bridges,James Patterson
2003,7,The Teeth of the Tiger,Tom Clancy
2002,7,The Shelters of Stone,Jean M. Auel
2001,7,Last Man Standing,David Baldacci
2000,7,The Rescue,Nicholas Sparks
1999,7,Apollyon,Jerry B. Jenkins and Tim LaHaye
1998,7,The Klone and I,Danielle Steel
1997,7,The Best Laid Plans,Sidney Sheldon
1996,7,Silent Honor,Danielle Steel
1995,7,Rose Madder,Stephen King
1994,7,Wings,Danielle Steel
1993,7,Lasher,Anne Rice
1992,7,The Tale of the Body Thief,Anne Rice
1991,7,The Firm,John Grisham
1990,7,The Stand,Stephen King
1989,7,The Russia House,John le Carré
1988,7,The Queen of the Damned,Anne Rice
1987,7,Presumed Innocent,Scott Turow
1986,7,I'll Take Manhattan,Judith Krantz
1985,7,Contact,Carl Sagan
1984,7,The Fourth Protocol,Frederick Forsyth
1983,7,The Name of the Rose,Umberto Eco
1982,7,Different Seasons,Stephen King
1981,7,Goodbye,Janette
1980,7,Random Winds,Belva Plain
1979,7,The Last Enchantment,Mary Stewart
1978,7,Illusions: The Adventures of a Reluctant Messiah,Richard Bach
1977,7,"Beggarman, Thief ",Irwin Shaw
1976,7,Slapstick or Lonesome No More!,Kurt Vonnegut
1975,7,The Greek Treasure,Irving Stone
1974,7,The Pirate,Harold Robbins
1973,7,Evening in Byzantium,Irwin Shaw
1972,7,Captains and the Kings,Taylor Caldwell
1971,7,The Winds of War,Herman Wouk
1970,7,The Gang That Couldn't Shoot Straight,Jimmy Breslin
1969,7,Naked Came the Stranger,Penelope Ashe
1968,7,Myra Breckinridge,Gore Vidal
1967,7,Rosemary's Ba,
1966,7,Tell No Man,Adela Rogers St. Johns
1965,7,The Man with the Golden Gun,Ian Fleming
1964,7,The Martyred,Richard E. Kim
1963,7,City of Night,John Rechy
1962,7,Seven Days in May,Fletcher Knebel and Charles W. Bailey II
1961,7,Daughter of Silence,Morris West
1960,7,The Lovely Ambition,Mary Ellen Chase
1959,7,Dear and Glorious Physician,Taylor Caldwell
1958,7,Ice Palace,Edna Ferber
1957,7,The Scapegoat,Daphne du Maurier
1956,7,A Certain Smile,Françoise Sagan
1955,7,Not as a Stranger,Morton Thompson
1954,7,Sweet Thursday,John Steinbeck
1953,7,Beyond This Place,A. J. Cronin
1952,7,The Old Man and the Sea,Ernest Hemingway
1951,7,"Melville Goodwin, U.S.A. ",John P. Marquand
1950,7,Floodtide,Frank Yer
1949,7,High Towers,Thomas B. Costain
1948,7,Raintree County ,Ross Lockridge Jr
1947,7,House Divided,Ben Ames Williams
1946,7,Arch of Triumph,Erich Maria Remarque
1945,7,So Well Remembered,James Hilton
1944,7,Leave Her to Heaven,Ben Ames Williams
1943,7,The Apostle,Sholem Asch
1942,7,The Robe,Lloyd C. Douglas
1941,7,"H.M. Pulham, Esquire ",John P. Marquand
1940,7,Oliver Wiswell,Kenneth Roberts
1939,7,The Yearling,Marjorie Kinnan Rawlings
1938,7,The Rains Came,Louis Bromfield
1937,7,Theatre,W. Somerset Maugham
1936,7,The Hurricane,Charles Nordhoff and James Norman Hall
1935,7,Heaven's My Destination,Thornton Wilder
1934,7,Private Worlds,Phyllis Bottome
1933,7,The Master of Jalna,Mazo de la Roche
1932,7,Mary's Neck,Booth Tarkington
1931,7,The Bridge of Desire,Warwick Deeping
1930,7,Rogue Herries,Hugh Walpole
1929,7,Mamba's Daughters,DuBose Heyward
1928,7,Old Pybus,Warwick Deeping
1927,7,Twilight Sleep,Edith Wharton
1926,7,Beau Geste,P. C. Wren
1925,7,Arrowsmith,Sinclair Lewis
1924,7,The Midlander,Booth Tarkington
1923,7,The Mine with the Iron Door,Harold Bell Wright
1922,7,This Freedom,A. S. M. Hutchinson
1921,7,A Poor Wise Man,Mary Roberts Rinehart
1920,7,The Portygee,Joseph C. Lincoln
1919,7,Dawn,Eleanor H. Porter
1918,7,The Major,Ralph Connor
1917,7,In the Wilderness,Robert S. Hichens
1916,7,Bars of Iron,Ethel M. Dell
1915,7,Felix O'Day,F. Hopkinson Smith
1914,7,Penrod,Booth Tarkington
1913,7,The Woman Thou Gavest Me,Hall Caine
1912,7,The Just and the Unjust,Vaughan Kester
1911,7,The Long Roll,Mary Johnston
1910,7,Lord Loveland Discovers America,C.N. Williamson and A.M. Williamson
1909,7,54-40 or Fight,Emerson Hough
1908,7,Lewis Rand,Mary Johnston
1907,7,The Daughter of Anderson Crow,George Barr McCutcheon
1906,7,The Awakening of Helena Richie,Margaret Deland
1905,7,The Maquerader,Katherine Cecil Thurston
1904,7,The Little Shepherd of Kingdom Come ,John Fox Jr
1903,7,The Mettle of the Pasture,James Lane Allen
1902,7,The Hound of the Baskervilles,Arthur Conan Doyle
1901,7,The Puppet Crown,Harold MacGrath
1900,7,The Redemption of David Corson,Charles Frederic Goss
1899,7,Janice Meredith,Paul Leicester Ford
1898,7,The Day's Work,Rudyard Kipling
1897,7,Margaret Ogilvy,J. M. Barrie
1896,7,Kate Carnegie,Ian Maclaren
1895,7,The Master,Israel Zangwill
2014,8,The Fault in Our Stars (movie tie-in),John Green
2013,8,Sycamore Row,John Grisham
2012,8,Fifty Shades trilogy box set,E.L. James
2011,8,Micro,Michael Crichton
2010,8,Freedom,Jonathan Franzen
2009,8,The Host,Stephenie Meyer
2008,8,Scarpetta,Patricia Cornwell
2007,8,The Quickie,James Patterson and Michael Ledwidge
2006,8,Cell,Stephen King
2005,8,The Historian,Elizabeth Kostova
2004,8,Trace,Patricia Cornwell
2003,8,The Big Bad Wolf,James Patterson
2002,8,Four Blind Mice,James Patterson
2001,8,Valhalla Rising,Clive Cussler
2000,8,Roses Are Red,James Patterson
1999,8,The Girl Who Loved Tom Gordon,Stephen King
1998,8,Point of Origin,Patricia Cornwell
1997,8,Pretend You Don't See Her,Mary Higgins Clark
1996,8,Primary Colors,Anonymous
1995,8,"L"is for Lawless ",Sue Grafton
1994,8,Accident,Danielle Steel
1993,8,Pleading Guilty,Scott Turow
1992,8,Mexico,James A. Michener
1991,8,Night Over Water,Ken Follett
1990,8,Lady Boss,Jackie Collins
1989,8,The Pillars of the Earth,Ken Follett
1988,8,To Be the Best,Barbara Taylor Bradford
1987,8,Fine Things,Danielle Steel
1986,8,Last of the Breed,Louis L'Amour
1985,8,Lucky,Jackie Collins
1984,8,Full Circle,Danielle Steel
1983,8,White Gold Wielder,Stephen R. Donaldson
1982,8,North and South,John Jakes
1981,8,The Third Deadly Sin,Lawrence Sanders
1980,8,The Devil's Alternative,Frederick Forsyth
1979,8,The Establishment,Howard Fast
1978,8,The Holcroft Covenant,Robert Ludlum
1977,8,How to Save Your Own Life,Erica Jong
1976,8,The Lonely Lady,Harold Robbins
1975,8,The Great Train Robbery,Michael Crichton
1974,8,I Heard the Owl Call My Name,Margaret Craven
1973,8,The Matlock Paper,Robert Ludlum
1972,8,Two from Galilee,Marjorie Holmes
1971,8,The Drifters,James A. Michener
1970,8,The Secret Woman,Victoria Holt
1969,8,The Promise,Chaim Potok
1968,8,Vanished,Fletcher Knebel
1967,8,The Plot,Irving Wallace
1966,8,Tai-Pan,James Clavell
1965,8,Hotel,Arthur Hailey
1964,8,You Only Live Twice,Ian Fleming
1963,8,The Glass-Blowers,Daphne du Maurier
1962,8,The Prize,Irving Wallace
1961,8,The Edge of Sadness,Edwin O'Connor
1960,8,The Listener,Taylor Caldwell
1959,8,Lolita,Vladimir Nabokov
1958,8,The Winthrop Woman,Anya Seton
1957,8,On the Beach,Nevil Shute
1956,8,The Tribe That Lost Its Head,Nicholas Monsarrat
1955,8,No Time for Sergeants,Mac Hyman
1954,8,The View from Pompey's Head,Hamilton Basso
1953,8,Time and Time Again,James Hilton
1952,8,The Gown of Glory,Agnes Sligh Turnbull
1951,8,Return to Paradise,James A. Michener
1950,8,Jubilee Trail,Gwen Bristow
1949,8,Cutlass Empire,Van Wyck Mason
1948,8,Shannon's Way,A. J. Cronin
1947,8,Kingsblood Royal,Sinclair Lewis
1946,8,The Black Rose,Thomas B. Costain
1945,8,Captain from Castile,Samuel Shellabarger
1944,8,Green Dolphin Street,Elizabeth Goudge
1943,8,Hungry Hill,Daphne du Maurier
1942,8,The Sun Is My Undoing,Marguerite Steen
1941,8,Mr. and Mrs. Cugat,Isabel Scott Rorick
1940,8,The Grapes of Wrath,John Steinbeck
1939,8,The Tree of Liberty,Elizabeth Page
1938,8,And Tell of Time,Laura Krey
1937,8,Of Mice and Men,John Steinbeck
1936,8,The Thinking Reed,Rebecca West
1935,8,Lost Horizon,James Hilton
1934,8,Mary Peters,Mary Ellen Chase
1933,8,Miss Bishop,Bess Streeter Aldrich
1932,8,Magnificent Obsession,Lloyd C. Douglas
1931,8,Back Street,Fannie Hurst
1930,8,Chances,A. Hamilton Gibbs
1929,8,The Galaxy,Susan Ertz
1928,8,All Kneeling,Anne Parrish
1927,8,Tomorrow Morning,Anne Parrish
1926,8,Show Boat,Edna Ferber
1925,8,The Perennial Bachelor,Anne Parrish
1924,8,The Coast of Folly,Conings
1923,8,Wanderer of the Wasteland,Zane Grey
1922,8,Maria Chapdelaine,Louis Hémon
1921,8,Her Father's Daughter,Gene Stratton-Porter
1920,8,The Great Impersonation,E. Phillips Oppenheim
1919,8,The Tin Soldier,Temple Bailey
1918,8,The Pawns Count,E. Phillips Oppenheim
1917,8,His Family,Ernest Poole
1916,8,Nan of Music Mountain,Frank H. Spearman
1915,8,The Harbor,Ernest Poole
1914,8,Diane of the Green Van,Leona Dalrymple
1913,8,Pollyanna,Eleanor H. Porter
1912,8,The Net,Rex Beach
1911,8,Molly Make-Believe,Eleanor Hallowell Abbott
1910,8,The Window at the White Cat,Mary Roberts Rinehart
1909,8,The Goose Girl,Harold MacGrath
1908,8,The Black Bag,Louis Joseph Vance
1907,8,The Younger Set,Robert W. Chambers
1906,8,The Spoilers,Rex Beach
1905,8,The House of Mirth,Edith Wharton
1904,8,Rebecca of Sunnybrook Farm,Kate Douglas Wiggin
1903,8,Letters of a Self-Made Merchant to His Son,George Horace Lorimer
1902,8,The Two Vanrevels,Booth Tarkington
1901,8,The Life and Death of Richard Yea-and-Nay,Maurice Hewlett
1900,8,Richard Carvel,Winston Churchill
1899,8,Mr. Dooley in Peace and War,Finley Peter Dunne
1898,8,Shrewsbury,Stanley J. Weyman
1897,8,Sentimental Tommy,J. M. Barrie
1896,8,The Red Badge of Courage,Stephen Crane
1895,8,The Prisoner of Zenda,Anthony Hope
2014,9,The Fault in Our Stars (hardcover),John Green
2013,9,Diary of a Wimpy Kid: The Third Wheel,Jeff Kinney
2012,9,The Mark of Athena,Rick Riordan
2011,9,Dead Reckoning,Charlaine Harris
2010,9,Port Mortuary,Patricia Cornwell
2009,9,Under the Dome,Stephen King
2008,9,Your Heart Belongs to Me,Dean Koontz
2007,9,The 6th Target,James Patterson and Maxine Paetro
2006,9,Beach Road,James Patterson and Peter De Jonge
2005,9,The Mermaid Chair,Sue Monk Kidd
2004,9,The Rule of Four,Ian Caldwell and Dustin Thomason
2003,9,Blow Fly,Patricia Cornwell
2002,9,Everything's Eventual: 14 Dark Tales,Stephen King
2001,9,A Day Late and a Dollar Short,Terry McMillan
2000,9,Cradle and All,James Patterson
1999,9,Irresistible Forces,Danielle Steel
1998,9,Paradise,Toni Morrison
1997,9,Cat and Mouse,James Patterson
1996,9,Cause of Death,Patricia Cornwell
1995,9,Politically Correct Holiday Stories,James Finn Garner
1994,9,Disclosure,Michael Crichton
1993,9,Like Water for Chocolate,Laura Esquivel
1992,9,Waiting to Exhale,Terry McMillan
1991,9,Remember,Barbara Taylor Bradford
1990,9,The Witching Hour,Anne Rice
1989,9,California Gold,John Jakes
1988,9,One,Richard Bach
1987,9,Heaven and Hell,John Jakes
1986,9,The Prince of Tides,Pat Conroy
1985,9,Family Album,Danielle Steel
1984,9,The Life and Hard Times of Heidi Abromowitz,Joan Rivers
1983,9,Hollywood Wives,Jackie Collins
1982,9,2010: Odyssey Two,Arthur C. Clarke
1981,9,The Glitter Dome,Joseph Wambaugh
1980,9,The Fifth Horseman,Larry Collins and Dominique Lapierre
1979,9,The Third World War: August 1985,John Hackett
1978,9,Second Generation,Howard Fast
1977,9,Delta of Venus,Anaïs Nin
1976,9,Touch Not the Cat,Mary Stewart
1975,9,Shōgun,James Clavell
1974,9,The Seven-Per-Cent Solution,Nicholas Meyer
1973,9,The Billion Dollar Sure Thing,Paul E. Erdman
1972,9,My Name is Asher Lev,Chaim Potok
1971,9,The Other,Tom Tryon
1970,9,Travels with My Aunt,Graham Greene
1969,9,The Pretenders,Gwen Davis
1968,9,Christy,Catherine Marshall
1967,9,The Gabriel Hounds,Mary Stewart
1966,9,The Embezzler,Louis Auchincloss
1965,9,The Ambassador,Morris West
1964,9,This Rough Magic,Mary Stewart
1963,9,The Sand Pebbles,Richard McKenna
1962,9,The Agony and the Ecstasy,Irving Stone
1961,9,The Winter of Our Discontent,John Steinbeck
1960,9,Trustee from the Toolroom,Nevil Shute
1959,9,Mrs. 'Arris Goes to Paris,Paul Gallico
1958,9,The Enemy Camp,Jerome Weidman
1957,9,Below the Salt,Thomas B. Costain
1956,9,The Mandarins,Simone de Beauvoir
1955,9,The Tontine,Thomas B. Costain
1954,9,"Never Victorious, Never Defeated ",Taylor Caldwell
1953,9,Lord Vanity,Samuel Shellabarger
1952,9,The Saracen Blade,Frank Yer
1951,9,The Foundling,Cardinal Spellman
1950,9,The Adventurer,Mika Waltari
1949,9,Pride's Castle,Frank Yer
1948,9,Pilgrim's Inn,Elizabeth Goudge
1947,9,"East Side, West Side ",Marcia Davenport
1946,9,B.F.'s Daughter,John P. Marquand
1945,9,Earth and High Heaven,Gwethalyn Graham
1944,9,A Bell for Adano,John Hersey
1943,9,The Forest and the Fort,Hervey Allen
1942,9,King's Row,Henry Bellamann
1941,9,Saratoga Trunk,Edna Ferber
1940,9,Night in Bombay,Louis Bromfield
1939,9,The Nazarene,Sholem Asch
1938,9,The Mortal Storm,Phyllis Bottome
1937,9,The Rains Came,Louis Bromfield
1936,9,The Doctor,Mary Roberts Rinehart
1935,9,Come and Get It,Edna Ferber
1934,9,Oil for the Lamps of China,Alice Tisdale Hobart
1933,9,The Farm,Louis Bromfield
1932,9,Inheritance,Phyllis Bentley
1931,9,Finch's Fortune,Mazo de la Roche
1930,9,Young Man of Manhattan,Katharine Brush
1929,9,Scarlet Sister Mary,Julia Peterkin
1928,9,Jalna,Mazo de la Roche
1927,9,The Old Countess,Anne Douglas Sedgwick
1926,9,After Noon,Susan Ertz
1925,9,The Carolinian,Rafael Sabatini
1924,9,Mistress Wilding,Rafael Sabatini
1923,9,The Sea Hawk,Rafael Sabatini
1922,9,To the Last Man,Zane Grey
1921,9,The Sisters-in-Law,Gertrude Atherton
1920,9,The Lamp in the Desert,Ethel M. Dell
1919,9,Christopher and Columbus,Elizabeth von Arnim
1918,9,A Daughter of the Land,Gene Stratton Porter
1917,9,The Definite Object,Jeffrey Farnol
1916,9,Dear Enemy,Jean Webster
1915,9,The Lone Star Ranger,Zane Grey
1914,9,The Devil's Garden,W. B. Maxwell
1913,9,The Valiants of Virginia,Hallie Erminie Rives
1912,9,Tante,Anne Douglas Sedgwick
1911,9,The Rosary,Florence L. Barclay
1910,9,Molly Make-Believe,Eleanor Hallowell Abbott
1909,9,Peter,F. Hopkinson Smith
1908,9,The Man from Brodney's,George Barr McCutcheon
1907,9,The Doctor,Ralph Connor
1906,9,The House of Mirth,Edith Wharton
1905,9,The Princess Passes,C.N. Williamson and A.M. Williamson
1904,9,My Friend Prospero,Henry Harland
1903,9,The One Woman ,Thomas Dixon Jr
1902,9,The Blue Flower,Henry van Dyke
1901,9,Graustark,George Barr McCutcheon
1900,9,When Knighthood Was in Flower,Charles Major
1899,9,No. 5 John Street,Richard Whiteing
1898,9,Simon Dale,Anthony Hope
1897,9,Pursuit of the House-Boat,John Kendrick Bangs
1896,9,Sentimental Tommy,J. M. Barrie
1895,9,Degeneration,Max Nordau
2014,10,Frozen,Victoria Saxon[6]
2013,10,"Happy, Happy, Happy ",Phil Robertson [5]
2012,10,Gone Girl,Gillian Flynn[4]
2011,10,Locked On,Tom Clancy and Mark Greaney [3]
2010,10,"Full Dark, No Stars ",Stephen King [2]
2009,10,Pirate Latitudes,Michael Crichton
2008,10,Plum Lucky,Janet Evanovich
2007,10,The Darkest Evening of the Year,Dean Koontz
2006,10,The 5th Horseman,James Patterson and Maxine Paetro
2005,10,Eleven on Top,Janet Evanovich
2004,10,The Da Vinci Code: Special Illustrated Collector's Edition,Dan Brown
2003,10,The Lovely Bones,Alice Sebold
2002,10,The Nanny Diaries,Emma McLaughlin and Nicola Kraus
2001,10,Violets Are Blue,James Patterson
2000,10,The House on Hope Street,Danielle Steel
1999,10,Tara Road,Maeve Binchy
1998,10,You Belong To Me,Mary Higgins Clark
1997,10,Hornet's Nest,Patricia Cornwell
1996,10,The Tenth Insight,James Redfield
1995,10,The Horse Whisperer,Nicholas Evans
1994,10,Remember Me,Mary Higgins Clark
1993,10,The Scorpio Illusion,Robert Ludlum
1992,10,All Around the Town,Mary Higgins Clark
1991,10,"Loves Music, Loves to Dance ",Mary Higgins Clark
1990,10,September,Rosamunde Pilcher
1989,10,While My Pretty One Sleeps,Mary Higgins Clark
1988,10,Mitla Pass,Leon Uris
1987,10,The Eyes of the Dragon,Stephen King
1986,10,A Perfect Spy,John le Carré
1985,10,The Class,Erich Segal
1984,10,Lincoln,Gore Vidal
1983,10,The Lonesome Gods,Louis L'Amour
1982,10,The Man from St. Petersburg,Ken Follett
1981,10,No Time for Tears,Cynthia Freeman
1980,10,The Spike,Arnaud de Borchgrave and Robert Moss
1979,10,Smiley's People,John le Carré
1978,10,Eye of the Needle,Ken Follett
1977,10,Daniel Martin,John Fowles
1976,10,A Stranger in the Mirror,Sidney Sheldon
1975,10,Humboldt's Gift,Saul Bellow
1974,10,The Fan Club,Irving Wallace
1973,10,The Honorary Consul,Graham Greene
1972,10,Semi-Tough,Dan Jenkins
1971,10,Rabbit Redux,John Updike
1970,10,"Rich Man, Poor Man ",Irwin Shaw
1969,10,The House on the Strand,Daphne du Maurier
1968,10,The Tower of Babel,Morris L. West
1967,10,The Exhibitionist,Henry Sutton
1966,10,All in the Family,Edwin O'Connor
1965,10,Don't Stop the Carnival,Herman Wouk
1964,10,Convention,Fletcher Knebel and Charles W. Bailey II
1963,10,The Battle of the Villa Fiorita,Rumer Godden
1962,10,The Reivers,William Faulkner
1960,10,Sermons and Soda-Water,John O'Hara
1959,10,Poor No More,Robert Ruark
1958,10,Victorine,Frances Parkinson Keyes
1957,10,Atlas Shrugged,Ayn Rand
1956,10,Boon Island,Kenneth Roberts
1955,10,Ten North Frederick,John O'Hara
1954,10,Benton's Row,Frank Yer
1953,10,The Unconquered,Ben Ames Williams
1952,10,The Houses in Between,Howard Spring
1951,10,The Wanderer,Mika Waltari
1950,10,The Disenchanted,Budd Schulberg
1949,10,Father of the Bride,Edward Streeter
1948,10,The Young Lions,Irwin Shaw
1947,10,Prince of Foxes,Samuel Shellabarger
1946,10,The Snake Pit,Mary Jane Ward
1945,10,Immortal Wife,Irving Stone
1944,10,The Apostle,Sholem Asch
1943,10,The Song of Bernadette,Franz Werfel
1942,10,The Keys of the Kingdom,A. J. Cronin
1941,10,Windswept,Mary Ellen Chase
1940,10,The Family,Nina Fedorova
1939,10,Kitty Foyle,Christopher Morley
1938,10,Action at Aquila,Hervey Allen
1937,10,We Are Not Alone,James Hilton
1936,10,Eyeless in Gaza,Aldous Huxley
1935,10,Europa,Robert Briffault
1934,10,Seven Gothic Tales,Isak Dinesen
1933,10,"Little Man, What Now? ",Hans Fallada
1932,10,Three Loves,A. J. Cronin
1931,10,Maid in Waiting,John Galsworthy
1930,10,Twenty-Four Hours,Louis Bromfield
1929,10,Joseph and His Brethren,H. W. Freeman
1928,10,The Strange Case of Miss Annie Spragg,Louis Bromfield
1927,10,A Good Woman,Louis Bromfield
1926,10,The Blue Window,Temple Bailey
1925,10,One Increasing Purpose,A. S. M. Hutchinson
1924,10,The Homemaker,Dorothy Canfield Fisher
1923,10,The Breaking Point,Mary Roberts Rinehart
1922,10,Babbitt,Sinclair Lewis
1921,10,The Kingdom Round the Corner,Conings
1920,10,Harriet and the Piper,Kathleen Norris
1919,10,In Secret,Robert W. Chambers
1918,10,Sonia,Stephen McKenna
1917,10,The Hundredth Chance,Ethel M. Dell
1916,10,The Heart of Rachael,Kathleen Norris
1915,10,Angela's Business,Henry Sydnor Harrison
1914,10,The Prince of Graustark,George Barr McCutcheon
1913,10,T. Tembarom,Frances Hodgson Burnett
1912,10,Fran,J. Breckenridge Ellis
1911,10,The Common Law,Robert W. Chambers
1910,10,When a Man Marries,Mary Roberts Rinehart
1909,10,Septimus,William J. Locke
1908,10,The Weavers,Gilbert Parker
1907,10,Half a Rogue,Harold MacGrath
1906,10,The Wheel of Life,Ellen Glasgow
1905,10,Rose o' the River,Kate Douglas Wiggin
1904,10,The Silent Places,Stewart Edward White
1903,10,The Little Shepherd of Kingdom Come ,John Fox Jr
1902,10,Sir Richard Calmady,Lucas Malet
1901,10,D'ri and I,Irving Bacheller
1900,10,Alice of Old Vincennes,Maurice Thompson
1899,10,The Market Place,Harold Frederic
1898,10,(tie) The Adventures of François,Silas Weir Mitchell
1897,10,The Honorable Peter Stirling,Paul Leicester Ford
1896,10,Beside the Bonnie Brier Bush,Ian Maclaren
1895,10,My Lady Nobody,Maarten Maartens
2001,11,Blindsighted,Karin Slaughter
1960,11,To Kill a Mockingbird,Harper Lee
1952,11,The Catcher in the Rye,J.D. Salinger
1922,11,Helen of the Old House,Harold Bell Wright
1898,11,The Battle of the Strong,Gilbert Parker